0.01706,0.087890625,2.109375,0.615234375,0.263671875
0.035184,0.087890625,2.109375,0.615234375,0.263671875
0.054251,0.087890625,2.109375,0.615234375,0.263671875
0.072169,0.087890625,2.109375,0.615234375,0.263671875
0.091416,0.087890625,2.109375,0.615234375,0.263671875
0.110181,0.087890625,2.109375,0.615234375,0.263671875
0.128156,0,2.109375,0.615234375,0.263671875
0.146149,0.087890625,2.109375,0.615234375,0.263671875
0.164082,0,2.109375,0.615234375,0.263671875
0.182054,0.087890625,2.109375,0.615234375,0.263671875
0.200058,0.087890625,2.109375,0.615234375,0.263671875
0.218158,0,2.109375,0.615234375,0.263671875
0.234993,0,2.109375,0.615234375,0.263671875
0.251967,0,2.109375,0.615234375,0.263671875
0.269042,0,2.109375,0.615234375,0.263671875
0.287034,0,2.109375,0.615234375,0.263671875
0.305056,0,2.109375,0.615234375,0.263671875
0.321971,0,2.109375,0.615234375,0.263671875
0.340125,0,2.109375,0.615234375,0.263671875
0.358181,-0.087890625,2.109375,0.52734375,0.263671875
0.376293,-0.087890625,2.109375,0.615234375,0.263671875
0.394089,0,2.109375,0.615234375,0.263671875
0.412099,0,2.109375,0.615234375,0.263671875
0.431239,0,2.109375,0.615234375,0.263671875
0.447923,0,2.109375,0.615234375,0.263671875
0.466157,0,2.109375,0.615234375,0.263671875
0.484177,0,2.109375,0.615234375,0.263671875
0.502129,0,2.109375,0.615234375,0.263671875
0.520139,0,2.109375,0.615234375,0.263671875
0.538056,0,2.109375,0.615234375,0.263671875
0.55606,0,2.109375,0.52734375,0.263671875
0.575149,0,2.109375,0.615234375,0.263671875
0.593134,0,2.109375,0.615234375,0.263671875
0.611137,0,2.109375,0.615234375,0.263671875
0.629136,0,2.109375,0.615234375,0.263671875
0.647131,0,2.109375,0.615234375,0.263671875
0.665129,0,2.109375,0.615234375,0.263671875
0.683128,0,2.109375,0.615234375,0.263671875
0.701133,0,2.109375,0.615234375,0.263671875
0.719137,0.087890625,2.109375,0.615234375,0.263671875
0.738114,0.087890625,2.109375,0.615234375,0.263671875
0.756043,0.087890625,2.109375,0.615234375,0.263671875
0.77408,0.087890625,2.109375,0.615234375,0.263671875
0.792088,0.087890625,2.109375,0.615234375,0.263671875
0.810073,0.087890625,2.109375,0.615234375,0.263671875
0.828101,0.17578125,2.109375,0.615234375,0.263671875
0.846064,0.17578125,2.109375,0.615234375,0.263671875
0.864084,0.17578125,2.109375,0.615234375,0.263671875
0.882087,0.17578125,2.109375,0.615234375,0.263671875
0.900115,0.263671875,2.109375,0.615234375,0.3515625
0.918092,0.263671875,2.109375,0.615234375,0.263671875
0.93602,0.263671875,2.109375,0.615234375,0.263671875
0.954074,0.263671875,2.109375,0.52734375,0.263671875
0.972056,0.263671875,2.109375,0.615234375,0.263671875
0.990046,0.3515625,2.109375,0.615234375,0.263671875
1.008083,0.3515625,2.109375,0.615234375,0.263671875
1.025977,0.3515625,2.109375,0.615234375,0.263671875
1.043974,0.439453125,2.109375,0.615234375,0.263671875
1.063771,0.439453125,2.109375,0.615234375,0.263671875
1.084717,0.52734375,2.109375,0.615234375,0.263671875
1.10414,0.439453125,2.109375,0.615234375,0.263671875
1.122108,0.52734375,2.109375,0.615234375,0.263671875
1.140066,0.52734375,2.109375,0.615234375,0.263671875
1.158094,0.615234375,2.109375,0.615234375,0.3515625
1.176034,0.615234375,2.109375,0.615234375,0.263671875
1.194091,0.615234375,2.109375,0.615234375,0.263671875
1.212051,0.703125,2.109375,0.52734375,0.263671875
1.229968,0.703125,2.109375,0.615234375,0.263671875
1.247971,0.791015625,2.109375,0.615234375,0.263671875
1.266069,0.791015625,2.109375,0.615234375,0.263671875
1.284026,0.87890625,2.109375,0.615234375,0.263671875
1.302049,0.87890625,2.109375,0.615234375,0.263671875
1.320042,0.87890625,2.109375,0.615234375,0.263671875
1.338094,0.966796875,2.109375,0.615234375,0.263671875
1.356074,0.966796875,2.109375,0.615234375,0.263671875
1.374039,1.0546875,2.109375,0.615234375,0.263671875
1.392088,1.0546875,2.109375,0.615234375,0.263671875
1.41004,1.0546875,2.109375,0.615234375,0.263671875
1.427011,1.142578125,2.109375,0.615234375,0.263671875
1.44505,1.142578125,2.109375,0.615234375,0.263671875
1.46305,1.23046875,2.109375,0.615234375,0.263671875
1.481081,1.318359375,2.109375,0.615234375,0.263671875
1.499081,1.318359375,2.109375,0.615234375,0.263671875
1.517017,1.318359375,2.109375,0.615234375,0.263671875
1.53507,1.40625,2.109375,0.615234375,0.263671875
1.553055,1.40625,2.109375,0.615234375,0.263671875
1.571037,1.494140625,2.109375,0.615234375,0.263671875
1.589052,1.494140625,2.109375,0.615234375,0.263671875
1.607024,1.58203125,2.109375,0.615234375,0.263671875
1.62497,1.58203125,2.109375,0.615234375,0.263671875
1.641946,1.669921875,2.109375,0.615234375,0.263671875
1.658959,1.7578125,2.109375,0.52734375,0.263671875
1.677061,1.7578125,2.109375,0.615234375,0.263671875
1.695008,1.845703125,2.109375,0.615234375,0.263671875
1.713066,1.845703125,2.109375,0.615234375,0.263671875
1.730964,1.93359375,2.109375,0.615234375,0.263671875
1.748941,2.021484375,2.109375,0.615234375,0.263671875
1.766041,2.021484375,2.109375,0.615234375,0.263671875
1.784081,2.109375,2.109375,0.615234375,0.263671875
1.802091,2.109375,2.109375,0.615234375,0.263671875
1.820066,2.197265625,2.109375,0.615234375,0.263671875
1.838059,2.197265625,2.109375,0.52734375,0.263671875
1.856044,2.28515625,2.109375,0.615234375,0.263671875
1.873959,2.373046875,2.109375,0.615234375,0.263671875
1.892042,2.373046875,2.109375,0.615234375,0.263671875
1.910004,2.548828125,2.109375,0.615234375,0.263671875
1.92802,2.548828125,2.109375,0.615234375,0.263671875
1.946046,2.63671875,2.109375,0.615234375,0.263671875
1.964163,2.724609375,2.109375,0.615234375,0.263671875
1.982018,2.724609375,2.109375,0.615234375,0.263671875
2.00007,2.900390625,2.109375,0.615234375,0.263671875
2.018047,2.900390625,2.109375,0.615234375,0.263671875
2.036039,2.98828125,2.109375,0.615234375,0.263671875
2.054054,3.076171875,2.109375,0.615234375,0.263671875
2.072051,3.1640625,2.109375,0.615234375,0.263671875
2.089995,3.251953125,2.109375,0.615234375,0.263671875
2.108071,3.251953125,2.109375,0.615234375,0.263671875
2.126055,3.33984375,2.109375,0.615234375,0.263671875
2.143984,3.427734375,2.109375,0.615234375,0.263671875
2.161955,3.515625,2.109375,0.615234375,0.263671875
2.180056,3.515625,2.109375,0.615234375,0.263671875
2.198055,3.603515625,2.109375,0.615234375,0.263671875
2.215968,3.69140625,2.109375,0.615234375,0.263671875
2.232944,3.779296875,2.109375,0.615234375,0.263671875
2.249953,3.8671875,2.109375,0.615234375,0.263671875
2.266911,3.8671875,2.109375,0.615234375,0.263671875
2.284058,3.955078125,2.109375,0.615234375,0.263671875
2.301978,4.04296875,2.109375,0.615234375,0.263671875
2.32005,4.130859375,2.109375,0.615234375,0.263671875
2.338032,4.21875,2.109375,0.615234375,0.263671875
2.355975,4.306640625,2.109375,0.615234375,0.263671875
2.374014,4.306640625,2.109375,0.615234375,0.263671875
2.392082,4.39453125,2.109375,0.615234375,0.263671875
2.409997,4.482421875,2.109375,0.615234375,0.263671875
2.427973,4.5703125,2.109375,0.615234375,0.263671875
2.446039,4.658203125,2.109375,0.615234375,0.263671875
2.464053,4.74609375,2.109375,0.615234375,0.263671875
2.482026,4.833984375,2.109375,0.52734375,0.263671875
2.500071,4.921875,2.109375,0.615234375,0.263671875
2.518047,5.009765625,2.109375,0.615234375,0.263671875
2.535964,5.09765625,2.109375,0.615234375,0.263671875
2.553959,5.09765625,2.109375,0.615234375,0.263671875
2.572041,5.2734375,2.109375,0.615234375,0.263671875
2.589955,5.361328125,2.109375,0.615234375,0.263671875
2.607979,5.361328125,2.109375,0.615234375,0.263671875
2.625968,5.44921875,2.109375,0.615234375,0.263671875
2.644056,5.625,2.109375,0.615234375,0.263671875
2.662018,5.625,2.109375,0.615234375,0.263671875
2.680046,5.712890625,2.109375,0.615234375,0.3515625
2.698012,5.80078125,2.109375,0.615234375,0.263671875
2.716057,5.9765625,2.109375,0.615234375,0.263671875
2.733829,5.9765625,2.109375,0.615234375,0.263671875
2.749973,6.064453125,2.109375,0.615234375,0.263671875
2.768072,6.15234375,2.109375,0.615234375,0.263671875
2.786021,6.240234375,2.109375,0.615234375,0.263671875
2.804007,6.328125,2.109375,0.615234375,0.263671875
2.821975,6.416015625,2.109375,0.615234375,0.263671875
2.839943,6.591796875,2.109375,0.615234375,0.263671875
2.856875,6.591796875,2.109375,0.615234375,0.263671875
2.875,6.767578125,2.109375,0.615234375,0.263671875
2.893021,6.767578125,2.109375,0.615234375,0.263671875
2.911022,6.943359375,2.109375,0.615234375,0.263671875
2.929004,7.03125,2.109375,0.615234375,0.263671875
2.946998,7.119140625,2.109375,0.615234375,0.263671875
2.965014,7.20703125,2.109375,0.615234375,0.263671875
2.98296,7.294921875,2.109375,0.615234375,0.263671875
3.000993,7.3828125,2.109375,0.615234375,0.263671875
3.019018,7.470703125,2.109375,0.615234375,0.263671875
3.037003,7.55859375,2.109375,0.615234375,0.263671875
3.055008,7.734375,2.109375,0.615234375,0.263671875
3.073008,7.822265625,2.109375,0.615234375,0.263671875
3.090996,7.91015625,2.109375,0.615234375,0.263671875
3.109,7.998046875,2.109375,0.615234375,0.263671875
3.127004,8.0859375,2.109375,0.615234375,0.263671875
3.144994,8.173828125,2.109375,0.615234375,0.263671875
3.162904,8.349609375,2.109375,0.52734375,0.263671875
3.181002,8.525390625,2.109375,0.615234375,0.263671875
3.198998,8.61328125,2.109375,0.615234375,0.263671875
3.216996,8.701171875,2.109375,0.615234375,0.263671875
3.234881,8.876953125,2.109375,0.615234375,0.263671875
3.251875,8.96484375,2.109375,0.615234375,0.263671875
3.269976,9.052734375,2.109375,0.615234375,0.263671875
3.28808,9.140625,2.109375,0.615234375,0.263671875
3.305835,9.228515625,2.109375,0.615234375,0.263671875
3.323854,9.404296875,2.109375,0.615234375,0.263671875
3.341938,9.4921875,2.109375,0.615234375,0.263671875
3.35995,9.580078125,2.109375,0.615234375,0.263671875
3.377943,9.66796875,2.109375,0.615234375,0.263671875
3.39597,9.84375,2.109375,0.615234375,0.263671875
3.413909,9.931640625,2.109375,0.615234375,0.263671875
3.430802,10.01953125,2.109375,0.615234375,0.263671875
3.447824,10.107421875,2.109375,0.615234375,0.263671875
3.466003,10.283203125,2.109375,0.615234375,0.263671875
3.483977,10.37109375,2.109375,0.615234375,0.263671875
3.501941,10.458984375,2.109375,0.615234375,0.263671875
3.519944,10.634765625,2.109375,0.615234375,0.263671875
3.537943,10.72265625,2.109375,0.52734375,0.263671875
3.556008,10.8984375,2.109375,0.615234375,0.263671875
3.573935,10.986328125,2.109375,0.615234375,0.263671875
3.591929,11.07421875,2.109375,0.615234375,0.263671875
3.610001,11.162109375,2.109375,0.615234375,0.263671875
3.627976,11.337890625,2.109375,0.615234375,0.263671875
3.645997,11.42578125,2.109375,0.52734375,0.263671875
3.663917,11.6015625,2.109375,0.615234375,0.263671875
3.681975,11.689453125,2.109375,0.615234375,0.263671875
3.699972,11.77734375,2.109375,0.615234375,0.263671875
3.717976,11.953125,2.109375,0.615234375,0.263671875
3.734871,12.041015625,2.109375,0.615234375,0.263671875
3.75287,12.12890625,2.109375,0.615234375,0.263671875
3.770979,12.3046875,2.109375,0.615234375,0.263671875
3.78892,12.392578125,2.109375,0.615234375,0.263671875
3.806986,12.48046875,2.109375,0.615234375,0.263671875
3.824978,12.568359375,2.109375,0.615234375,0.263671875
3.842974,12.744140625,2.109375,0.615234375,0.263671875
3.860978,12.919921875,2.109375,0.615234375,0.3515625
3.878966,13.0078125,2.109375,0.615234375,0.263671875
3.896977,13.095703125,2.109375,0.615234375,0.263671875
3.914988,13.271484375,2.109375,0.615234375,0.263671875
3.932959,13.359375,2.109375,0.615234375,0.263671875
3.95097,13.447265625,2.109375,0.615234375,0.263671875
3.968974,13.53515625,2.109375,0.615234375,0.263671875
3.986948,13.623046875,2.109375,0.615234375,0.263671875
4.004881,13.798828125,2.109375,0.615234375,0.263671875
4.022893,13.88671875,2.109375,0.615234375,0.263671875
4.040853,14.0625,2.109375,0.615234375,0.263671875
4.058918,14.150390625,2.109375,0.615234375,0.263671875
4.076967,14.326171875,2.109375,0.615234375,0.263671875
4.09496,14.4140625,2.109375,0.615234375,0.263671875
4.112964,14.501953125,2.109375,0.615234375,0.263671875
4.130954,14.58984375,2.109375,0.615234375,0.263671875
4.148959,14.765625,2.109375,0.615234375,0.263671875
4.166785,14.853515625,2.109375,0.615234375,0.263671875
4.18483,15.029296875,2.109375,0.615234375,0.263671875
4.202893,15.1171875,2.109375,0.615234375,0.263671875
4.220936,15.205078125,2.109375,0.615234375,0.263671875
4.23782,15.380859375,2.109375,0.615234375,0.263671875
4.255777,15.46875,2.109375,0.615234375,0.263671875
4.273887,15.556640625,2.109375,0.615234375,0.263671875
4.291995,15.64453125,2.109375,0.615234375,0.263671875
4.309913,15.8203125,2.109375,0.615234375,0.263671875
4.327841,15.908203125,2.109375,0.615234375,0.263671875
4.345914,15.99609375,2.109375,0.615234375,0.263671875
4.363956,16.171875,2.109375,0.615234375,0.263671875
4.38187,16.259765625,2.109375,0.615234375,0.263671875
4.399927,16.34765625,2.109375,0.615234375,0.263671875
4.417908,16.5234375,2.109375,0.615234375,0.263671875
4.435912,16.611328125,2.109375,0.615234375,0.263671875
4.453881,16.69921875,2.109375,0.615234375,0.263671875
4.471954,16.875,2.109375,0.615234375,0.263671875
4.489859,16.962890625,2.109375,0.615234375,0.263671875
4.507934,17.05078125,2.109375,0.615234375,0.263671875
4.525914,17.2265625,2.109375,0.615234375,0.263671875
4.543929,17.314453125,2.109375,0.615234375,0.3515625
4.561918,17.490234375,2.109375,0.615234375,0.263671875
4.579935,17.578125,2.109375,0.615234375,0.263671875
4.597915,17.666015625,2.109375,0.52734375,0.263671875
4.615911,17.75390625,2.109375,0.615234375,0.263671875
4.63278,17.841796875,2.109375,0.615234375,0.263671875
4.649802,18.017578125,2.109375,0.615234375,0.263671875
4.66787,18.10546875,2.109375,0.615234375,0.263671875
4.6859,18.28125,2.109375,0.615234375,0.263671875
4.703914,18.369140625,2.109375,0.52734375,0.263671875
4.721899,18.45703125,2.109375,0.615234375,0.263671875
4.738756,18.544921875,2.109375,0.615234375,0.263671875
4.753781,18.720703125,2.109375,0.52734375,0.263671875
4.77191,18.80859375,2.109375,0.615234375,0.263671875
4.790072,18.896484375,2.109375,0.615234375,0.263671875
4.807924,19.072265625,2.109375,0.615234375,0.263671875
4.82586,19.16015625,2.109375,0.615234375,0.263671875
4.843893,19.248046875,2.109375,0.615234375,0.263671875
4.861904,19.423828125,2.109375,0.615234375,0.263671875
4.879916,19.51171875,2.109375,0.615234375,0.263671875
4.897901,19.775390625,2.109375,0.615234375,0.263671875
4.915914,19.86328125,2.109375,0.615234375,0.263671875
4.933902,19.951171875,2.109375,0.615234375,0.263671875
4.951894,20.126953125,2.109375,0.615234375,0.263671875
4.969876,20.126953125,2.109375,0.615234375,0.263671875
4.988139,20.302734375,2.109375,0.615234375,0.263671875
5.005871,20.478515625,2.109375,0.615234375,0.263671875
5.023869,20.56640625,2.109375,0.615234375,0.263671875
5.041831,20.7421875,2.109375,0.615234375,0.263671875
5.059838,20.7421875,2.109375,0.615234375,0.263671875
5.077832,20.91796875,2.109375,0.615234375,0.263671875
5.095834,21.005859375,2.109375,0.615234375,0.263671875
5.113873,21.09375,2.109375,0.615234375,0.263671875
5.131892,21.26953125,2.109375,0.615234375,0.263671875
5.149874,21.357421875,2.109375,0.615234375,0.263671875
5.167804,21.4453125,2.109375,0.615234375,0.263671875
5.185747,21.62109375,2.109375,0.615234375,0.263671875
5.20389,21.708984375,2.109375,0.615234375,0.263671875
5.221857,21.796875,2.109375,0.615234375,0.263671875
5.240004,21.97265625,2.109375,0.615234375,0.263671875
5.25777,22.060546875,2.109375,0.615234375,0.263671875
5.275759,22.1484375,2.109375,0.615234375,0.263671875
5.293817,22.32421875,2.109375,0.615234375,0.263671875
5.31175,22.412109375,2.109375,0.615234375,0.263671875
5.329749,22.5,2.109375,0.52734375,0.263671875
5.347861,22.67578125,2.109375,0.615234375,0.263671875
5.36585,22.763671875,2.109375,0.615234375,0.263671875
5.383879,22.8515625,2.109375,0.615234375,0.263671875
5.40177,23.02734375,2.109375,0.615234375,0.263671875
5.419901,23.115234375,2.109375,0.615234375,0.263671875
5.437789,23.203125,2.109375,0.615234375,0.263671875
5.455834,23.37890625,2.109375,0.615234375,0.263671875
5.473779,23.466796875,2.109375,0.615234375,0.263671875
5.491811,23.5546875,2.109375,0.615234375,0.263671875
5.509796,23.73046875,2.109375,0.615234375,0.263671875
5.5278,23.818359375,2.109375,0.615234375,0.263671875
5.545767,23.90625,2.109375,0.615234375,0.263671875
5.563754,24.08203125,2.109375,0.615234375,0.263671875
5.581809,24.169921875,2.109375,0.615234375,0.263671875
5.599793,24.2578125,2.109375,0.615234375,0.263671875
5.617818,24.345703125,2.109375,0.615234375,0.263671875
5.63574,24.521484375,2.109375,0.615234375,0.263671875
5.653779,24.609375,2.109375,0.615234375,0.263671875
5.671856,24.78515625,2.109375,0.615234375,0.263671875
5.689785,24.873046875,2.109375,0.615234375,0.263671875
5.70785,24.9609375,2.109375,0.615234375,0.263671875
5.725749,25.13671875,2.109375,0.615234375,0.263671875
5.742674,25.224609375,2.109375,0.615234375,0.263671875
5.760012,25.3125,2.109375,0.615234375,0.263671875
5.777861,25.400390625,2.109375,0.615234375,0.263671875
5.79585,25.576171875,2.109375,0.615234375,0.263671875
5.813753,25.6640625,2.109375,0.615234375,0.263671875
5.831741,25.83984375,2.109375,0.615234375,0.263671875
5.849708,25.927734375,2.109375,0.615234375,0.263671875
5.867959,26.015625,2.109375,0.615234375,0.263671875
5.885837,26.19140625,2.109375,0.615234375,0.263671875
5.903849,26.279296875,2.109375,0.615234375,0.263671875
5.921838,26.3671875,2.109375,0.615234375,0.263671875
5.939843,26.455078125,2.109375,0.615234375,0.263671875
5.957849,26.630859375,2.109375,0.615234375,0.263671875
5.976161,26.71875,2.109375,0.615234375,0.263671875
5.993826,26.89453125,2.109375,0.615234375,0.263671875
6.011841,26.982421875,2.109375,0.615234375,0.263671875
6.029838,27.0703125,2.109375,0.615234375,0.263671875
6.047824,27.24609375,2.109375,0.615234375,0.263671875
6.065818,27.333984375,2.109375,0.615234375,0.263671875
6.083825,27.421875,2.109375,0.615234375,0.263671875
6.101819,27.59765625,2.109375,0.615234375,0.263671875
6.119826,27.685546875,2.109375,0.615234375,0.263671875
6.137815,27.7734375,2.109375,0.615234375,0.263671875
6.155822,27.861328125,2.109375,0.615234375,0.263671875
6.173749,28.037109375,2.109375,0.615234375,0.263671875
6.191775,28.212890625,2.109375,0.615234375,0.263671875
6.209829,28.30078125,2.109375,0.615234375,0.263671875
6.22788,28.388671875,2.109375,0.615234375,0.263671875
6.24462,28.4765625,2.109375,0.615234375,0.263671875
6.262696,28.564453125,2.109375,0.615234375,0.263671875
6.280763,28.740234375,2.109375,0.615234375,0.263671875
6.298745,28.828125,2.109375,0.615234375,0.263671875
6.316745,29.00390625,2.109375,0.615234375,0.263671875
6.334766,29.091796875,2.109375,0.615234375,0.263671875
6.352671,29.1796875,2.109375,0.615234375,0.263671875
6.370675,29.267578125,2.109375,0.615234375,0.263671875
6.388719,29.443359375,2.109375,0.52734375,0.263671875
6.406679,29.619140625,2.109375,0.615234375,0.263671875
6.424671,29.70703125,2.109375,0.615234375,0.263671875
6.442655,29.794921875,2.109375,0.615234375,0.263671875
6.460891,29.8828125,2.109375,0.615234375,0.263671875
6.478703,29.970703125,2.109375,0.615234375,0.263671875
6.496669,30.146484375,2.109375,0.615234375,0.263671875
6.514777,30.234375,2.109375,0.52734375,0.263671875
6.532787,30.322265625,2.109375,0.615234375,0.263671875
6.550853,30.498046875,2.109375,0.615234375,0.263671875
6.568877,30.5859375,2.109375,0.615234375,0.263671875
6.5868,30.76171875,2.109375,0.615234375,0.263671875
6.604801,30.849609375,2.109375,0.615234375,0.263671875
6.62282,30.9375,2.109375,0.615234375,0.263671875
6.64077,31.025390625,2.109375,0.615234375,0.263671875
6.658758,31.201171875,2.109375,0.615234375,0.263671875
6.676768,31.2890625,2.109375,0.615234375,0.263671875
6.694757,31.46484375,2.109375,0.615234375,0.263671875
6.712749,31.552734375,2.109375,0.615234375,0.263671875
6.7307,31.640625,2.109375,0.615234375,0.263671875
6.747598,31.728515625,2.109375,0.52734375,0.263671875
6.764123,31.904296875,2.109375,0.615234375,0.263671875
6.783216,31.9921875,2.109375,0.615234375,0.263671875
6.801735,32.080078125,2.109375,0.615234375,0.263671875
6.819742,32.255859375,2.109375,0.615234375,0.263671875
6.837788,32.34375,2.109375,0.615234375,0.263671875
6.85578,32.431640625,2.109375,0.615234375,0.263671875
6.873699,32.607421875,2.109375,0.615234375,0.263671875
6.891741,32.6953125,2.109375,0.615234375,0.3515625
6.909812,32.783203125,2.109375,0.615234375,0.263671875
6.927784,32.958984375,2.109375,0.615234375,0.263671875
6.945778,33.046875,2.109375,0.615234375,0.263671875
6.963777,33.134765625,2.109375,0.615234375,0.263671875
6.981747,33.310546875,2.109375,0.615234375,0.263671875
6.999766,33.3984375,2.109375,0.615234375,0.3515625
7.017723,33.486328125,2.109375,0.615234375,0.263671875
7.03567,33.662109375,2.109375,0.615234375,0.263671875
7.052629,33.75,2.109375,0.615234375,0.263671875
7.070783,33.837890625,2.109375,0.615234375,0.263671875
7.088757,34.013671875,2.109375,0.615234375,0.263671875
7.106794,34.1015625,2.109375,0.615234375,0.263671875
7.124758,34.27734375,2.109375,0.615234375,0.263671875
7.142718,34.365234375,2.109375,0.615234375,0.263671875
7.160771,34.453125,2.109375,0.52734375,0.263671875
7.178727,34.62890625,2.109375,0.615234375,0.263671875
7.196752,34.716796875,2.109375,0.615234375,0.263671875
7.214763,34.8046875,2.109375,0.615234375,0.263671875
7.232604,34.892578125,2.109375,0.615234375,0.263671875
7.250677,34.98046875,2.109375,0.615234375,0.263671875
7.268801,35.15625,2.109375,0.615234375,0.263671875
7.286755,35.244140625,2.109375,0.615234375,0.263671875
7.304719,35.33203125,2.109375,0.615234375,0.263671875
7.32267,35.419921875,2.109375,0.615234375,0.263671875
7.340709,35.595703125,2.109375,0.615234375,0.263671875
7.358764,35.68359375,2.109375,0.615234375,0.263671875
7.376737,35.771484375,2.109375,0.615234375,0.263671875
7.394741,35.947265625,2.109375,0.615234375,0.263671875
7.412743,36.03515625,2.109375,0.615234375,0.263671875
7.430753,36.123046875,2.109375,0.615234375,0.263671875
7.448739,36.2109375,2.109375,0.52734375,0.263671875
7.46674,36.298828125,2.109375,0.615234375,0.263671875
7.484742,36.474609375,2.109375,0.615234375,0.263671875
7.502738,36.5625,2.109375,0.615234375,0.263671875
7.52076,36.650390625,2.109375,0.615234375,0.263671875
7.538739,36.73828125,2.109375,0.615234375,0.263671875
7.556746,36.826171875,2.109375,0.615234375,0.263671875
7.574767,36.9140625,2.109375,0.615234375,0.263671875
7.592739,37.08984375,2.109375,0.615234375,0.263671875
7.610736,37.177734375,2.109375,0.615234375,0.263671875
7.628754,37.265625,2.109375,0.615234375,0.263671875
7.645628,37.353515625,2.109375,0.615234375,0.263671875
7.663762,37.44140625,2.109375,0.615234375,0.263671875
7.681745,37.529296875,2.109375,0.615234375,0.263671875
7.699758,37.705078125,2.109375,0.615234375,0.263671875
7.717721,37.705078125,2.109375,0.615234375,0.263671875
7.73575,37.880859375,2.109375,0.615234375,0.263671875
7.752625,37.96875,2.109375,0.615234375,0.263671875
7.770742,38.056640625,2.109375,0.615234375,0.263671875
7.788728,38.14453125,2.109375,0.615234375,0.263671875
7.806676,38.14453125,2.109375,0.615234375,0.263671875
7.824679,38.3203125,2.109375,0.615234375,0.263671875
7.842675,38.3203125,2.109375,0.615234375,0.263671875
7.860751,38.49609375,2.109375,0.615234375,0.263671875
7.878725,38.583984375,2.109375,0.615234375,0.263671875
7.896733,38.671875,2.109375,0.615234375,0.3515625
7.914717,38.759765625,2.109375,0.615234375,0.263671875
7.932739,38.759765625,2.109375,0.615234375,0.263671875
7.950728,38.935546875,2.109375,0.52734375,0.263671875
7.968722,39.0234375,2.109375,0.615234375,0.263671875
7.98672,39.0234375,2.109375,0.615234375,0.263671875
8.004728,39.19921875,2.109375,0.615234375,0.3515625
8.022721,39.287109375,2.109375,0.615234375,0.263671875
8.040724,39.375,2.109375,0.615234375,0.263671875
8.058703,39.375,2.109375,0.615234375,0.263671875
8.076704,39.462890625,2.109375,0.615234375,0.263671875
8.0947,39.638671875,2.109375,0.615234375,0.263671875
8.112702,39.638671875,2.109375,0.615234375,0.263671875
8.130698,39.7265625,2.109375,0.615234375,0.263671875
8.148702,39.814453125,2.109375,0.615234375,0.263671875
8.166808,39.90234375,2.109375,0.615234375,0.263671875
8.184651,39.990234375,2.109375,0.52734375,0.263671875
8.202708,40.078125,2.109375,0.615234375,0.263671875
8.220957,40.166015625,2.109375,0.615234375,0.263671875
8.237612,40.166015625,2.109375,0.615234375,0.263671875
8.254651,40.25390625,2.109375,0.615234375,0.263671875
8.272573,40.341796875,2.109375,0.615234375,0.263671875
8.289537,40.4296875,2.109375,0.615234375,0.263671875
8.307676,40.517578125,2.109375,0.615234375,0.263671875
8.325662,40.60546875,2.109375,0.615234375,0.263671875
8.343668,40.693359375,2.109375,0.615234375,0.263671875
8.361728,40.693359375,2.109375,0.615234375,0.263671875
8.379768,40.78125,2.109375,0.615234375,0.263671875
8.397724,40.869140625,2.109375,0.615234375,0.263671875
8.415713,40.95703125,2.109375,0.615234375,0.263671875
8.433711,41.044921875,2.109375,0.615234375,0.263671875
8.451733,41.044921875,2.109375,0.615234375,0.263671875
8.469712,41.1328125,2.109375,0.615234375,0.263671875
8.487706,41.220703125,2.109375,0.615234375,0.263671875
8.505701,41.30859375,2.109375,0.615234375,0.263671875
8.523715,41.396484375,2.109375,0.615234375,0.263671875
8.54168,41.396484375,2.109375,0.615234375,0.263671875
8.559637,41.484375,2.109375,0.615234375,0.263671875
8.577684,41.572265625,2.109375,0.52734375,0.263671875
8.595702,41.572265625,2.109375,0.615234375,0.263671875
8.61364,41.66015625,2.109375,0.615234375,0.263671875
8.631641,41.748046875,2.109375,0.615234375,0.263671875
8.649628,41.8359375,2.109375,0.615234375,0.263671875
8.667683,41.8359375,2.109375,0.615234375,0.263671875
8.685698,41.923828125,2.109375,0.615234375,0.263671875
8.703687,42.01171875,2.109375,0.615234375,0.263671875
8.721678,42.01171875,2.109375,0.52734375,0.263671875
8.73952,42.099609375,2.109375,0.615234375,0.263671875
8.756463,42.099609375,2.109375,0.615234375,0.263671875
8.775179,42.275390625,2.109375,0.615234375,0.263671875
8.794666,42.36328125,2.109375,0.615234375,0.263671875
8.812643,42.36328125,2.109375,0.615234375,0.263671875
8.830613,42.451171875,2.109375,0.615234375,0.263671875
8.848598,42.5390625,2.109375,0.615234375,0.263671875
8.866658,42.5390625,2.109375,0.615234375,0.263671875
8.884639,42.626953125,2.109375,0.615234375,0.263671875
8.902655,42.71484375,2.109375,0.615234375,0.263671875
8.920634,42.71484375,2.109375,0.615234375,0.263671875
8.938668,42.802734375,2.109375,0.615234375,0.263671875
8.956656,42.890625,2.109375,0.615234375,0.263671875
8.976661,42.890625,2.109375,0.615234375,0.263671875
8.994668,42.890625,2.109375,0.615234375,0.263671875
9.012669,42.978515625,2.109375,0.615234375,0.263671875
9.03062,43.06640625,2.109375,0.615234375,0.263671875
9.048542,43.06640625,2.109375,0.615234375,0.263671875
9.066631,43.154296875,2.109375,0.615234375,0.263671875
9.084622,43.2421875,2.109375,0.615234375,0.263671875
9.102635,43.2421875,2.109375,0.615234375,0.263671875
9.120611,43.330078125,2.109375,0.615234375,0.263671875
9.138623,43.330078125,2.109375,0.615234375,0.263671875
9.156595,43.41796875,2.109375,0.615234375,0.263671875
9.174583,43.41796875,2.109375,0.615234375,0.263671875
9.192646,43.41796875,2.109375,0.615234375,0.263671875
9.210645,43.505859375,2.109375,0.615234375,0.263671875
9.228477,43.505859375,2.109375,0.615234375,0.263671875
9.24542,43.505859375,2.109375,0.615234375,0.263671875
9.260474,43.59375,2.109375,0.615234375,0.263671875
9.27857,43.681640625,2.109375,0.615234375,0.263671875
9.296573,43.681640625,2.109375,0.615234375,0.263671875
9.314652,43.681640625,2.109375,0.615234375,0.263671875
9.332642,43.76953125,2.109375,0.615234375,0.263671875
9.350654,43.76953125,2.109375,0.615234375,0.263671875
9.368577,43.857421875,2.109375,0.615234375,0.263671875
9.386649,43.857421875,2.109375,0.615234375,0.263671875
9.404653,43.9453125,2.109375,0.615234375,0.263671875
9.422557,43.9453125,2.109375,0.615234375,0.263671875
9.439516,43.9453125,2.109375,0.615234375,0.263671875
9.456508,44.033203125,2.109375,0.615234375,0.263671875
9.474634,44.033203125,2.109375,0.615234375,0.263671875
9.492629,44.12109375,2.109375,0.52734375,0.263671875
9.510629,44.12109375,2.109375,0.615234375,0.263671875
9.528633,44.12109375,2.109375,0.615234375,0.263671875
9.546588,44.12109375,2.109375,0.615234375,0.263671875
9.564601,44.208984375,2.109375,0.615234375,0.263671875
9.582586,44.208984375,2.109375,0.615234375,0.263671875
9.600627,44.208984375,2.109375,0.615234375,0.263671875
9.618646,44.296875,2.109375,0.615234375,0.263671875
9.636633,44.296875,2.109375,0.615234375,0.263671875
9.654633,44.296875,2.109375,0.615234375,0.263671875
9.672649,44.296875,2.109375,0.615234375,0.263671875
9.690635,44.384765625,2.109375,0.615234375,0.263671875
9.708641,44.47265625,2.109375,0.615234375,0.263671875
9.726589,44.47265625,2.109375,0.615234375,0.263671875
9.743504,44.47265625,2.109375,0.615234375,0.263671875
9.761563,44.47265625,2.109375,0.615234375,0.263671875
9.779577,44.560546875,2.109375,0.615234375,0.263671875
9.797641,44.560546875,2.109375,0.615234375,0.263671875
9.815555,44.560546875,2.109375,0.615234375,0.263671875
9.833612,44.560546875,2.109375,0.615234375,0.263671875
9.851609,44.560546875,2.109375,0.615234375,0.263671875
9.8696,44.6484375,2.109375,0.615234375,0.263671875
9.88764,44.6484375,2.109375,0.615234375,0.263671875
9.905578,44.6484375,2.109375,0.615234375,0.263671875
9.923617,44.6484375,2.109375,0.52734375,0.263671875
9.94168,44.6484375,2.109375,0.615234375,0.263671875
9.959618,44.736328125,2.109375,0.615234375,0.263671875
9.97761,44.736328125,2.109375,0.615234375,0.263671875
9.995604,44.736328125,2.109375,0.615234375,0.263671875
10.013606,44.736328125,2.109375,0.615234375,0.263671875
